[
  "Mumbai",
  "Kolkata",
  "Chennai",
  "Bengaluru",
  "Hyderabad",
  "Ahmedabad",
  "Pune",
  "Jaipur",
  "Lucknow",
  "Kanpur",
  "Nagpur",
  "Indore",
  "Bhopal",
  "Patna",
  "Ranchi",
  "Raipur",
  "Bhubaneswar",
  "Chandigarh",
  "Dehradun",
  "Shimla",
  "Srinagar",
  "Jammu",
  "Guwahati",
  "Agartala",
  "Imphal",
  "Aizawl",
  "Kohima",
  "Gangtok",
  "Shillong",
  "Panaji",
  "Thiruvananthapuram",
  "Kochi",
  "Madurai",
  "Coimbatore",
  "Visakhapatnam",
  "Vijayawada",
  "Mysuru",
  "Varanasi",
  "Prayagraj",
  "Gwalior",
  "Jabalpur",
  "Udaipur",
  "Amritsar",
  "Ludhiana",
  "Faridabad",
  "Ghaziabad",
  "Noida",
  "Gurugram"
]
